<!-- Canonical Binding Service and Operation facts -->
<Atom>
	<Rel>localDefined</Rel>
	<Ind>DiagnosisService</Ind>
</Atom>

<Atom>
    <Rel>canonicalBinding</Rel>
    <Ind>processClinicalDecision</Ind>
    <Ind>diagnosisResults</Ind> <!-- This is the attribute returned -->
    <Ind>cardiologyResults</Ind> <!-- This is the attribute needed -->
</Atom>
<Atom>
    <Rel>canonicalBinding</Rel>
    <Ind>processClinicalDecision</Ind>
    <Ind>diagnosisResults</Ind> <!-- This is the attribute returned -->
    <Ind>laboratoryResults</Ind> <!-- This is the attribute needed -->
</Atom>
<Atom>
    <Rel>canonicalBinding</Rel>
    <Ind>processClinicalDecision</Ind>
    <Ind>diagnosisResults</Ind> <!-- This is the attribute returned -->
    <Ind>radiologyResults</Ind> <!-- This is the attribute needed -->
</Atom>