0,0,1
1000,0,1
2000,0,1
3000,0,1
4000,0,1
5000,0,1
6000,0,1
7000,0,1
8000,0,1
9000,0,1
10000,0,1
11000,0,1
12000,0,1
13000,0,1
14000,0,1
15000,0,1
16000,0,1
17000,0,1
18000,0,1
18100,0,1
18200,0,1
18300,0,1
18400,0,1
18500,0,1
18600,0,1
18700,0,1
18800,0,1
18900,0,1
19000,0,1
19100,0,1
19200,0,1
19300,0,1
19400,0,1
19500,0,1
19600,0,1
19700,0,1
19800,0,1
19900,0,1
20000,0,1
20100,0,1
20200,0,1
20300,0,1
20400,0,1
22000,0,1
24500,0,1
27000,0,1
29500,0,1
32000,0,1
34500,0,1
37000,0,1
39500,0,1
42000,0,1
44500,0,1
47000,0,1
49500,0,1
52000,0,1
54500,0,1
57000,0,1
59500,0,1
62000,0,1
