<!-- Common Rules to all services -->
<!-- 
This is the rule determines the operational parameters associated with
the destination service.
 -->
<Implies>
	<then>
		<Atom>
			<Rel>publishes</Rel>
			<Var>service</Var>
			<Var>condition</Var>
			<Var>operation</Var>
			<Var>channel</Var>
			<Var>ip</Var>
			<Var>port</Var>
			<Var>decisionValue</Var>
		</Atom>
	</then>
	<if>
		<And>
			<Atom>
				<Rel>meetsCondition</Rel>
				<Var>service</Var>
				<Var>operation</Var>
				<Var>condition</Var>
				<Var>decisionValue</Var>
			</Atom>
			<Atom>
				<Rel>activeService</Rel>
				<Var>service</Var>
				<Var>operation</Var>
				<Var>ip</Var>
				<Var>port</Var>
			</Atom>
			<Atom>
				<Rel>boundChannel</Rel>
				<Var>ip</Var>
				<Var>channel</Var>
			</Atom>
		</And>
	</if>
</Implies>

<!-- 
Special rule for TERMINATE - no activeService needed since there's no actual service to call.
This allows GatewayNode (and other node types) to route to termination without requiring 
infrastructure configuration. The channel/ip/port are dummy values since ServiceThread
recognizes TERMINATE:TERMINATE and handles it specially without making any network calls.
-->
<Implies>
	<then>
		<Atom>
			<Rel>publishes</Rel>
			<Ind>TERMINATE</Ind>
			<Var>condition</Var>
			<Ind>TERMINATE</Ind>
			<Ind>local</Ind>
			<Ind>localhost</Ind>
			<Ind>0</Ind>
			<Var>decisionValue</Var>
		</Atom>
	</then>
	<if>
		<Atom>
			<Rel>meetsCondition</Rel>
			<Ind>TERMINATE</Ind>
			<Ind>TERMINATE</Ind>
			<Var>condition</Var>
			<Var>decisionValue</Var>
		</Atom>
	</if>
</Implies>

<!-- 
This is the rule that governs the service operation. The operation Var is specified twice so 
that the name will is returned and thus avoids the need to parse a list of operations.
 -->
<Implies>
	<then>
		<Atom>
			<Rel>serviceName</Rel>
			<Var>service</Var>
			<Var>operation</Var>
			<Var>operation</Var>
			<Var>attribute</Var>
			<Var>input</Var>
			<Var>channel</Var>
			<Var>port</Var>
		</Atom>
	</then>
	<if>
		<And>
			<Atom>
				<Rel>localDefined</Rel>
				<Var>service</Var>
			</Atom>
			<Atom>
				<Rel>canonicalBinding</Rel>
				<Var>operation</Var>
				<Var>attribute</Var>  <!-- Attribute owned and returned (can be null) -->
				<Var>input</Var>

			</Atom>
			<Atom>
				<Rel>activeService</Rel>
				<Var>service</Var>
				<Var>operation</Var>
				<Var>ip</Var>
				<Var>port</Var>
			</Atom>
			<Atom>
				<Rel>boundChannel</Rel>
				<Var>ip</Var>
				<Var>channel</Var>
			</Atom>

		</And>
	</if>
</Implies>
<!-- 
This is the rule that governs the list of all services. 
 -->
<Implies>
	<then>
		<Atom>
			<Rel>serviceList</Rel>
			<Var>service</Var>
			<Var>service</Var>
			<Var>operation</Var>
			<Var>channel</Var>
			<Var>port</Var>
		</Atom>
	</then>
	<if>
		<And>

			<Atom>
				<Rel>activeService</Rel>
				<Var>service</Var>
				<Var>operation</Var>
				<Var>ip</Var>
				<Var>port</Var>
			</Atom>
			<Atom>
				<Rel>boundChannel</Rel>
				<Var>ip</Var>
				<Var>channel</Var>
			</Atom>
		</And>
	</if>
</Implies>