
<!-- Canonical Binding Service and Operation facts -->
<Atom>
	<Rel>localDefined</Rel>
	<Ind>RadiologyService</Ind>
</Atom>
<Atom>
	<Rel>canonicalBinding</Rel>
	<Ind>processImagingRequest</Ind>
	<Ind>radiologyResults</Ind>  	<!-- This is the attribute returned -->
	<Ind>triageResults</Ind>	<!-- This input is needed -->
</Atom>

<Atom>
	<Rel>canonicalBinding</Rel>
	<Ind>federatedRadiologyRequest</Ind>
	<Ind>radiologyResults</Ind>  	<!-- This is the attribute returned -->
	<Ind>token</Ind>	<!-- This input is needed -->
</Atom>
