<Atom><Rel>NodeType</Rel><Ind>GatewayNode</Ind></Atom><Atom><Rel>NodeType</Rel><Ind>GatewayNode</Ind></Atom><Atom><Rel>meetsCondition</Rel><Ind>LaboratoryService</Ind><Ind>processLabRequest</Ind><Ind>GATEWAY_NODE</Ind><Ind>STANDARD_WORKFLOW</Ind></Atom><Atom><Rel>meetsCondition</Rel><Ind>CardiologyService</Ind><Ind>processCardiacAssessment</Ind><Ind>GATEWAY_NODE</Ind><Ind>STANDARD_WORKFLOW</Ind></Atom><Atom><Rel>meetsCondition</Rel><Ind>RadiologyService</Ind><Ind>processImagingRequest</Ind><Ind>GATEWAY_NODE</Ind><Ind>STANDARD_WORKFLOW</Ind></Atom><Atom><Rel>meetsCondition</Rel><Ind>TreatmentService</Ind><Ind>executeDirectTreatment</Ind><Ind>GATEWAY_NODE</Ind><Ind>DIRECT_TO_TREATMENT</Ind></Atom>