<!-- List of service facts -->

<!-- Triage Service Operations -->
<Atom>
	<Rel>hasOperation</Rel>	<!-- Participates in Rule -->
	<Ind>TriageService</Ind>  <!--Service -->
	<Ind>processTriageAssessment</Ind>  	<!--operation -->
	<Ind>a1</Ind>  			<!-- Listen on channel -->
	<Ind>1024</Ind>  		<!-- Port -->
</Atom>

<!-- Radiology Service Operations -->
<Atom>
	<Rel>hasOperation</Rel>		<!-- List of available Services that have a link -->
	<Ind>RadiologyService</Ind>  	<!-- Name of Service -->
	<Ind>processImagingRequest</Ind>  <!-- Name of operation -->
	<Ind>a2</Ind>  				<!-- Listen on channel -->
	<Ind>1024</Ind>  			<!-- Port -->
</Atom>
<Atom>
	<Rel>hasOperation</Rel>		<!-- List of available Services that have a link -->
	<Ind>RadiologyService</Ind>  	<!-- Name of Service -->
	<Ind>federatedRadiologyRequest</Ind>  <!-- Name of operation -->
	<Ind>a2</Ind>  				<!-- Listen on channel -->
	<Ind>1025</Ind>  			<!-- Port -->
</Atom>
<!-- Cardiology Service -->
<Atom>
	<Rel>hasOperation</Rel>		<!-- List of available Services that have a link -->
	<Ind>CardiologyService</Ind>  	<!-- Name of Service -->
	<Ind>processCardiacAssessment</Ind>  <!-- Name of operation -->
	<Ind>a3</Ind>  				<!-- Listen on channel -->
	<Ind>1024</Ind>  			<!-- Port -->
</Atom>
<!-- Diagnosis Service -->
<Atom>
	<Rel>hasOperation</Rel>		<!-- List of available Services that have a link -->
	<Ind>DiagnosisService</Ind>  	<!-- Name of Service -->
	<Ind>processClinicalDecision</Ind>  <!-- Name of operation -->
	<Ind>a4</Ind>  				<!-- Listen on channel -->
	<Ind>1024</Ind>  			<!-- Port -->
</Atom>

<!-- Laboratory Book Service -->
<Atom>
	<Rel>hasOperation</Rel>		<!-- Participates in Rule -->
	<Ind>LaboratoryService</Ind>  <!-- Name of Service -->
	<Ind>processLabRequest</Ind>  	<!-- Name of operation -->
	<Ind>a5</Ind>  				<!-- Listen on channel -->
	<Ind>1024</Ind>  			<!-- Port -->
</Atom>

<!-- Treatment Service Operations -->
<Atom>
	<Rel>hasOperation</Rel>		<!-- List of available Services that have a link -->
	<Ind>TreatmentService</Ind>  	<!-- Name of Service -->
	<Ind>executeTreatmentPlan</Ind>  	<!-- Name of operation -->
	<Ind>a6</Ind>  				<!-- Listen on channel -->
	<Ind>1024</Ind>  			<!-- Port -->
</Atom>

<Atom>
	<Rel>hasOperation</Rel>		<!-- List of available Services that have a link -->
	<Ind>TreatmentService</Ind>  	<!-- Name of Service -->
	<Ind>executeDirectTreatment</Ind>  	<!-- Name of operation -->
	<Ind>a6</Ind>  				<!-- Listen on channel -->
	<Ind>1025</Ind>  			<!-- Port -->
</Atom>

<!-- Measurement Service Operations -->
<Atom>
	<Rel>hasOperation</Rel>		<!-- List of available Services that have a link -->
	<Ind>MonitorService</Ind>  	<!-- Name of Service -->
	<Ind>getMeasureProcessTime</Ind>  <!-- Name of operation -->
	<Ind>a7</Ind>  				<!-- Listen on channel -->
	<Ind>1024</Ind>  			<!-- Port -->
</Atom>

<!-- Measurement Service Operations -->
<Atom>
	<Rel>hasOperation</Rel>		<!-- List of available Services that have a link -->
	<Ind>MonitorService</Ind>  	<!-- Name of Service -->
	<Ind>setMeasureProcessTime</Ind>  <!-- Name of operation -->
	<Ind>a7</Ind>  				<!-- Listen on channel -->
	<Ind>1025</Ind>  			<!-- Port -->
</Atom>

<!-- Acknowledge Token Arrival -->
<Atom>
	<Rel>hasOperation</Rel>		<!-- List of available Services that have a link -->
	<Ind>MonitorService</Ind>  	<!-- Name of Service -->
	<Ind>acknowledgeTokenArrival</Ind>  <!-- Name of operation -->
	<Ind>a7</Ind>  				<!-- Listen on channel -->
	<Ind>1026</Ind>  			<!-- Port -->
</Atom>
<Atom>
	<Rel>hasOperation</Rel>		<!-- List of available Services that have a link -->
	<Ind>MonitorService</Ind>  	<!-- Name of Service -->
	<Ind>setExpiredPackets</Ind>  <!-- Name of operation -->
	<Ind>a7</Ind>  				<!-- Listen on channel -->
	<Ind>1027</Ind>  			<!-- Port -->
</Atom>



