<!-- Canonical Binding for P4_Place -->
<!-- Auto-generated by RuleDeployer - DO NOT EDIT -->
<!-- Input count: 2 -->
<!-- Arguments from topology: [token_branch1, token_branch2] -->
<!-- Return attribute from topology: token -->

<Atom>
	<Rel>localDefined</Rel>
	<Ind>P4_Place</Ind>
</Atom>
<Atom>
	<Rel>canonicalBinding</Rel>
	<Ind>processToken</Ind>
	<Ind>token</Ind>
	<Ind>token_branch1</Ind>
</Atom>
<Atom>
	<Rel>canonicalBinding</Rel>
	<Ind>processToken</Ind>
	<Ind>token</Ind>
	<Ind>token_branch2</Ind>
</Atom>
